likes,text
725,three european teams will compete in an exciting tri-series in the lead-up to the men's #t20worldcup 2024 ğŸ‘Š
337,"england and new zealand hit with injury concerns to key players ahead of the odi leg of the tour ğŸ‘€

#nzveng"
748,an historic day for namibia as their womenâ€™s cricket team secured central contracts for the first time ğŸ™Œ
504,"england will be without a key component of their strong spin contingent during the next three matches of their tour of new zealand.

details ğŸ‘‡"
390,"in a historic first, 10 players of the namibia womenâ€™s team were handed central contracts ğŸ‘

details ğŸ‘‡"
609,"a big day for england as records were broken during their commanding victory over new zealand in the fourth t20i in wellington ğŸ™Œ

details ğŸ‘‡"
601,australia's strong start to their ongoing white-ball series in bangladesh has seen a host of their best players make good ground on the latest icc women's odi player rankings ğŸ™Œ
396,"laura wolvaardt highlighted the importance of the upcoming white-ball games against sri lanka ğŸ‘€

watch the #savsl series live and free on icc.tv (in select regions) ğŸ“º"
863,the iconic melbourne cricket ground will host a women's test for the first time since 1949 when australia face england in the ashes ğŸ†
527,australia stars surge in the weekly icc women's player rankings update after a strong start to the bangladesh tour ğŸ‘Š
544,"png women, who were awarded odi status in 2022, played their first odi two days ago.

more on their performance ğŸ‘‡"
484,"left-arm spinner sophie molineux is glad to be back playing her role for australia during their white-ball tour of bangladesh.

details ğŸ‘‡"
801,"10 overs, 53 dot balls and 3 wickets ğŸ”¥

sophie molineuxâ€™s long-awaited return did not disappoint in australia's second icc womenâ€™s championship odi against bangladesh ğŸ‘‡"
425,"stirring steyn stuns the kiwis ğŸ‘Š

#cricket #cricketreels #t20wc2014"
696,all the icc women's #t20worldcup global qualifier 2024 squads announced so far ğŸ‘‡
861,"rishabh pant power ğŸ’ª 

#cricket #cricketreels"
450,"all of ricky pontingâ€™s sixes from his 2003 world cup-winning ğŸ’¯

#reels #cricket #cricketreels #cricketworldcup"
800,scotland have named their squad for the upcoming icc womenâ€™s #t20worldcup global qualifier 2024 ğŸ‘‡
932,"tolerance oval and zayed cricket stadium will host the icc women's #t20worldcup qualifier 2024 next month ğŸŸ

fixtures and details ğŸ‘‡"
565,some sage advice from the lucknow super giants coach on how his players should approach trying to win selection for june's #t20worldcup ğŸ¤”
858,"justin langer has his players motivated to fight for #t20worldcup 2024 spots ğŸ”¥

âœ https://bit.ly/43q8u95"
700,justin langer highlights the significance of the upcoming season of the ipl ahead of the icc men's #t20worldcup 2024 ğŸ‘€
594,"australia skipper alyssa healy is ready for the threat of bangladesh's spin attack during their upcoming white-ball series.

details ğŸ‘‡"
882,"alyssa healy believes that the recent wpl experience could benefit her side ahead of the bangladesh series ğŸ‘Œ

#banvaus"
732,"having made a push for a spot in australia's #t20worldcup squad, jason behrendorff faces a final injury hurdle.

more ğŸ‘‡"
653,"a cruel injury blow has curtailed an australian fast bowler's push for #t20worldcup selection ğŸ‘€

more ğŸ‘‡"
987,"new zealand have made their final addition to their t20i squad to take on england  ğŸ“

more ahead of #nzveng ğŸ‘‡"
805,"new zealand have been forced into a reshuffle ahead of their home t20i series against england ğŸ“

more from #nzveng ğŸ‘‡"
513,"predicted to return to action in april ahead of #t20worldcup ğŸ‘€

lungi ngidi was ruled out from ipl due to an injury."
847,"ponting sees a strong possibility of quick growth of cricket in the usa ğŸ‘Š

more from the latest icc review ğŸ‘‰ https://bit.ly/3icfh7j"
450,"icc 100% cricket superstar darcie brown has been ruled out of the bangladesh tour ğŸ‘€

will she recover in time for the womenâ€™s t20 world cup 2024?"
608,"rising star from the class of icc u19 womenâ€™s t20 world cup 2023 earns maiden call-up in south africaâ€™s t20i squad ğŸ¤©

#savsl | details ğŸ‘‡"
644,"key pacer ruled out of australiaâ€™s tour of bangladesh, raising concerns over her participation in this yearâ€™s icc womenâ€™s #t20worldcup ğŸ‘€

#banvaus | details ğŸ‘‡"
861,"cricket south africa anticipates fast bowlers' return ahead of #t20worldcup ğŸ‘€

more â¬‡ï¸"
899,"the usa will get ready for june's #t20worldcup that they will co-host with a pair of t20i series at home against canada and bangladesh ğŸ’ª

details ğŸ‘‡"
989,"additional tickets for this year's #t20worldcup in the west indies and usa will be available for purchase from tuesday 19 march ğŸ‘€

more ğŸ‘‡"
759,"england batter harry brook has confirmed his withdrawal from upcoming cricket after the death of his grandmother.

brook's statement ğŸ‘‡"
926,"he may be turning 42 in july, but age will not stop james anderson as he looks to england's #wtc25 home summer ğŸ‘‡"
408,"annabel sutherland joins an elite list of australians to claim icc women's player of the month honours ğŸ…

more after the all-rounder's fabulous february ğŸ‘‡"
675,"ravichandran ashwin shared his views on the bazball phenomenon after a hard-fought home test series win ğŸ‘Š

#wtc25 | #indveng"
488,"australia's star all-rounder wins the icc women's player of the month award following an outstanding record-breaking performance in february ğŸ”¥

read on ğŸ‘‡"
519,"ready to stick with smith at the top ğŸ

australia men's coach andrew mcdonald outlines his plans for their home series against india later in the year ğŸ‘‡"
432,"will steve smith make the cut at this year's #t20worldcup? and who will be named australia's captain?  ğŸ¤”

australia legend ricky ponting reveals all on the latest episode of the icc review ğŸ‘‡"
542,"new zealand test skipper tim southee is unsure of his side's composition when they tour sri lanka and india later in the year ğŸ‘‡

#wtc25"
501,"captain tim southee admitted doubts over leading new zealand when they visit the subcontinent later this year ğŸ˜¯   

#wtc25 | details ğŸ‘‡"
570,"pat cummins has started to make a habit of rescuing australia with the bat ğŸ‘€

#wtc25 | #nzvaus"
697,"australia jump to second on the #wtc25 standings after sneaking past new zealand in christchurch ğŸ™Œ

more from #nzvaus ğŸ‘‡"
835,"how far away is rishabh pant from taking the field again?

ricky ponting provides his insight as delhi capitals coach in the latest edition of the icc review ğŸ‘‡"
638,"all the makings of a classic in christchurch ğŸ

more from #nzvaus ğŸ‘‡

#wtc25"
704,"tom latham and nathan lyon shared thoughts on their respective team's chances in the ongoing christchurch test ğŸ—£

details â¬‡

#wtc25 | #nzvaus"
717,"another push in their #wtc25 run ğŸ‘

more on india's win over england in dharamsala ğŸ‘‡"
782,"india coach rahul dravid and england captain ben stokes spoke candidly at the end of the exhilarating test series ğŸ’¬

#wtc25 | #indveng | read on ğŸ‘‡"
474,"on #iwd2024, icc celebrated cricket's recent inclusion in the #la28 along with four new olympic sports.

more ğŸ‘‡"
594,"14 wickets to fast bowlers on day one ğŸ‘€

hazlewood hopes australia can take a decent lead on the difficult hagley oval pitch ğŸ‘Š

#wtc25 | #nzvaus"
598,"more than four years after taking over as zimbabwe's director of cricket, hamilton masakadza steps down from the role.

details ğŸ‘‡"
861,"mitchell starc is now up to fourth on the list for most test wickets by an australian men's player ğŸ‘

#nzvaus | #wtc25"
794,"india youngster yashasvi jaiswal has continued his record-breaking run with the bat during the fifth and final test against england ğŸ˜²

#indveng | #wtc25"
374,"team news from christchurch as new zealand and australia get set for the crucial second and final test of their trans-tasman series ğŸ

#nzvaus | #wtc25"
789,"on the quest for 12 #wtc25 points, england have named their team for the final #indveng test ğŸ‘‡"
309,"ğŸ’ª new career-high rating for cameron green
ğŸ“ˆ glenn phillips on the rise
ğŸ’¥ kusal mendis shoots up t20i batting list

all the latest from the icc men's player rankings ğŸ‘‡"
580,"on the eve of his 100th test, ravichandran ashwin was showered with praise by ricky ponting on the icc review ğŸ”

#wtc25 | #indveng"
645,aussie duo hot on jasprit bumrah's heels in the icc men's test player rankings for bowlers after their heroics in the first test against new zealand ğŸ’ª
396,"nathan lyon plans to spoil kane williamson's 100th test celebrations with a surprise weapon âš¡

#wtc25 | #nzvaus"
631,"england captain ben stokes is keen to end his side's test series against india on a high ğŸ’ª

#wtc25 | #indveng"
402,"schedule set for east asia pacific ğŸ“†

more on icc tournament pathway events in the region for 2024 ğŸ‘‡"
578,"former australia skipper meg lanning is open to exploring opportunities after the wpl ğŸ˜¯

details â¡ https://bit.ly/3uxpjbl"
569,"ravichandran ashwin reminisces about the crucial moments that shaped his storied career as he gears up for his 100th test ğŸ‘

#wtc25 | #indveng | read on ğŸ‘‡"
589,"a blockbuster cricketing year awaits east asia pacific ğŸ¤©

#t20worldcup #u19worldcup"
619,"former australia captain meg lanning is enjoying her time in the wpl with the delhi capitals and is in no hurry to decide what's next in her cricket journey ğŸ’ª

more ğŸ‘‡"
697,"uae search for their first win in the latest icc menâ€™s cricket world cup league 2 cycle.

watch #uaevcan live and free on icc.tv (in select regions) ğŸ“º

ğŸ“: https://bit.ly/4byzj85"
741,"a pair of experienced performers return as new zealand name their squad for their white-ball series against england at home that commences later this month.

more ğŸ‘‰ https://www.icc-cricket.com/news/experienced-duo-return-to-new-zealand-squad-for-england-series"
245,"an emerging superstar from australia and a pair of in-form all-rounders from the uae have been nominated for the icc womenâ€™s player of the month award for february ğŸ’¥

vote now for your favourite ğŸ‘‡"
826,"australia head coach andrew mcdonald is not too worried about marnus labuschagne! 

more â¡ï¸ https://bit.ly/49e4yuf

#wtc25 #nzvaus"
580,"three top performers from february 2024 have been shortlisted for the icc womenâ€™s player of the month award.

who's your pick? ğŸ§ vote now ğŸ‘‰ https://bit.ly/3ip14t4"
361,two experienced players have returned to the new zealand women's squad for the limited-overs series against england ğŸ‘Š
431,"superstar from ğŸ‡¦ğŸ‡º
sensational duo of ğŸ‡¦ğŸ‡ª

presenting the nominees for the icc women's player of the month for february 2024."
765,"marnus labuschagne's recent lack of runs is not causing too many headaches for the reigning icc world test championship winners.

#nzvaus | #wtc25"
788,"nothing but praise for nathan lyon following his 10-wicket haul for australia in the first test against new zealand ğŸ’¥

#nzvaus | #wtc25"
310,"two new zealand players have been ruled out of the second test against australia due to injury as the kiwis decided against a shock recall for recently-retired fast bowler neil wagner.

#nzvaus | #wtc25"
607,"italy secured the final challenge league spot in a thrilling fashion with nail-biting victory over vanuatu ğŸ¤©

how the action unfolded ğŸ‘‡"
607,"one last dance for neil wagner in the final #nzvaus test? skipper tim southee didn't rule it out ğŸ‘€

#wtc25 | read on ğŸ‘‡"
682,"nathan lyon joined a few record books with a sizzling spell as australia clinched a resounding victory in wellington ğŸ‘

#wtc25 | #nzvaus | read ğŸ‘‡"
870,"earlier this week, canada made it to the icc menâ€™s odi team rankings list ğŸ‘Œ

more on their rise in the recent years ğŸ‘‡"
1000,"a maiden menâ€™s test win in their eighth attempt âœ¨

how ireland created history in abu dhabi ğŸ‘‡"
732,"icymi, sri lanka handed a t20i recall to their wicketkeeper-batter after three years ğŸ˜¯

#banvsl"
887,"mark adair recorded the best match figures by an ireland bowler in test cricket ğŸŒŸ

more on ireland's maiden test win ğŸ‘‰ https://bit.ly/3t39ivn

#afgvire"
911,"scotland set canada a target of 216 in the cricket world cup league 2 match.

watch #canvsco live and free on icc.tv (in select regions) ğŸ“º

ğŸ“: https://bit.ly/48do95u"
485,"match 2 of the icc cricket world cup league 2 dubai leg begins soon ğŸ

watch #canvsco live and free on icc.tv (in select regions) ğŸ“º

ğŸ“: https://bit.ly/4btsux5"
623,"centurion cameron green was all praise for the support he got from mitchell marsh on day one of the #nzvaus wellington test ğŸ’ª

more ğŸ‘‰ https://bit.ly/49qyrm1

#wtc25"
394,"a crucial partnership played a big role in cameron green's second test century in wellington ğŸ‘Š

#nzvaus | #wtc25"
613,"good news for kuwait and tanzania following impressive performances at the icc cricket world cup challenge league play-off 2024 ğŸ™Œ

details ğŸ‘‡"
588,"shreyas iyer and ishan kishan received backing from former india coach ravi shastri ğŸ’¬

check out what he said ğŸ‘‡"
676,"just in: wicket-keeper batter ruled out as bcci reveals india squad for the fifth and final #indveng test in dharamsala ğŸ‘€

#wtc25 | details ğŸ‘‡"
703,"ğŸ’¥ joe root closes in on top spot
ğŸ˜² new career-high rating for yashasvi jaiswal
ğŸ™Œ bernard scholtz creates history for namibia

all the changes on the latest update of the icc men's player rankings ğŸ‘€"
933,"shreyas iyer and ishan kishan miss out as india announce their annual player retainership.

details ğŸ‘‡"
903,"lizelle lee goes berserk ğŸ’¥

#onthisday in 2020, she became the first player â€“ male or female â€“ to score a #t20worldcup century for south africa ğŸ’¯"
817,india and england stars rise in the latest icc test player rankings ğŸ“ˆ
861,"icc cricket world cup league 2 resumes in dubai ğŸ’¥

watch #uaevcan live and free on icc.tv (in select regions) ğŸ“º"
650,five memorable moments that confirm neil wagner's place among the best fast bowlers ever from new zealand ğŸ’ª
702,"a big loss for new zealand on the eve of their crucial #wtc25 clash against australia.

details ğŸ‘‡"
959,"a barrage of bouncers to bowling with broken toes ğŸ’ª

we look back at some of neil wagner's most memorable moments in test cricket ğŸ¤©"
727,"an update on the prospects of the out-of-action white-ball regulars for india ahead of the #t20worldcup 2024 ğŸ‘€

details ğŸ‘‡"
422,"australia's preparations for this year's #t20worldcup will go up a gear as the reigning champions tour bangladesh for a bilateral series for the first time next month.

details ğŸ‘‡"
391,"vanuatu progressed to the super six stage in the challenge league play-off on a head-to-head tiebreaker with malaysia ğŸ˜¯

details â¬‡"
784,"less than 100 days to go for the #t20worldcup 2024 and the george baileyâ€™s job is not going to be easy, according to matthew wade.

more â¡ï¸ https://bit.ly/48tbh3j"
715,"plenty for australia selectors to ponder ahead of this year's #t20worldcup ğŸ¤”

details ğŸ‘‡"
746,"narrowly missing out on a maiden test century during india's first innings in ranchi meant little to inexperienced wicket-keeper dhruv jurel ğŸ™Œ

#wtc25 | #indveng"
335,"wanindu hasaranga and rahmanullah gurbaz have been penalised for breaching the icc code of conduct.

more ğŸ‘‡"
272,"england's first-choice spinner has revealed he is set to undergo knee surgery.

details ğŸ‘‡"
479,"england spinner jack leach to undergo surgery on his left knee.

details ğŸ‘‡"
936,"icymi, ğŸ‡³ğŸ‡¿ and ğŸ‡¦ğŸ‡º will miss big names due to injury in the third #nzvaus t20i ğŸ‘€"
890,"joe root reflects on his record-breaking ğŸ’¯ in ranchi.

#wtc25 | #indveng"
541,icymi: new zealand injury scares keep on growing ğŸ‘‡
690,"another feather in the cap for ravichandran ashwin ğŸ‘

#wtc25 #indveng"
434,"news from the england camp as the fourth #wtc25 test against india commences in ranchi.

#indveng"
782,"a caribbean great believes the west indies can claim a third men's #t20worldcup title in june ğŸ†

details ğŸ‘‡"
839,"t20 superstars helped launch the official campaign film â€˜out of this worldâ€™ to celebrate 100 days to go until the start of this year's #t20worldcup ğŸ’¥

details ğŸ‘‡"
537,"key batter still in the reckoning for #t20worldcup 2024 as australia continue to juggle combinations ğŸ‘€

#nzvaus"
472,"england make further changes to their bowling attack for the fourth test against india ğŸ‘€

#wtc25 #indveng"
989,"ğŸ’¥ career-high rating for yashasvi jaiswal
ğŸ™Œ increased lead for kane williamson
ğŸ“ˆ massive jump for wanindu hasaranga

all the latest changes to the icc men's player rankings ğŸ‘‡"
530,"middle-order performer tim david is starting to earn a reputation as one of the best finishers in t20i cricket ğŸ™Œ

details ğŸ‘‡"
717,"opener shubman gill has been impressed with how well india's new players have slotted into the side ğŸ’ª

#indveng | #wtc25"
694,"shubman gill was all praise for the youngsters who have stepped up for india in the absence of key players in the ongoing #indveng test series ğŸ‘ 

read on ğŸ‘‡"
352,all the details regarding the eight-team icc cricket world cup challenge league play-off that commences in malaysia on thursday.
402,"what will australia's batting line-up look like during their crucial three-match t20i series against new zealand ğŸ¤”

skipper mitch marsh discusses the options ğŸ‘‡"
689,"australia captain mitchell marsh confirms the top-order ahead of the #nzvaus t20i series opener ğŸ‘€

read on ğŸ‘‡"
332,"eight teams will do battle in the icc cricket world cup challenge league play-off in malaysia from thursday, with four spots up for grabs in the cricket world cup challenge league ğŸ’ª

details ğŸ‘‡"
429,"australia will look to fine tune their preparations for this year's #t20worldcup when they take on new zealand in a three-match series away from home.

details ğŸ‘‡"
660,"finding the formula ahead of the #t20worldcup and on the hunt for the chappell-hadlee trophy ğŸ†

more as australia travel to new zealand ğŸ‘‡

#nzvaus"
638,multiple shuffles for new zealand ahead of their home t20i series against australia ğŸ‘‡
500,"new zealand's acclaimed pair are set to hit a major milestone against australia next month ğŸ‘

#wtc25 | #nzvaus"
441,"new zealand have been forced into multiple changes ahead of their men's t20i series with australia ğŸ“

more from #nzvaus ğŸ‘‡"
768,"former south african all-rounder, coach and icc match referee mike procter has died at the age of 77."
315,"icymi, injury will force new zealand fast bowler kyle jamieson out of action until next summer.

more ğŸ‘‡"
336,"an emphatic performance ğŸ‘

australia re-wrote the record books in their women's test victory over south africa in perth ğŸ“š

more from #ausvsa ğŸ‘‡"
670,"records galore ğŸ˜

check out the remarkable milestones from australia's historic win over south africa in perth ğŸ‘‡

#ausvsa"
484,"a major injury concern in the new zealand camp ğŸ‘€

details ğŸ‘‡

#wtc25"
406,18-year-old amy hunter continues to impress ğŸŒŸ
755,shamar joseph had an incredible january 2024 that won him the icc menâ€™s player of the month ğŸ‰
747,"england will begin their innings with a five-run advantage ğŸ‘€

details ğŸ‘‡

#wtc25 | #indveng"
511,"fast bowler haris rauf has been penalised by pakistan following a thorough hearing process.

details ğŸ‘‡"
996,"the tenure of former international mohammad hafeez as director of pakistan's men's side has come to an end.

details ğŸ‘‡"
508,"""being a (fast) bowler you probably dream to play at the waca. when we were young, we saw the men play out there, so it was really cool.""

australia quick darcie brown reflects on her maiden five-wicket test haul against south africa in perth ğŸ’¥"
395,irelandâ€™s amy hunter won the icc womenâ€™s player of the month for january 2024 after a solid showing in the limited-overs series against zimbabwe ğŸ‘Œ
978,"a terrific performance in the test series against australia earned shamar joseph the icc menâ€™s player of the month for january 2024 âœ¨

icymi ğŸ‘‡"
862,"pcb penalises fast bowler by terminating central contract ğŸ‘€

more â¬‡ï¸"
351,100% cricket superstar darcie brown produced a career-best sensational spell to ensure australia's dominance at the waca ğŸ‘Š
285,"rizwan javed has been handed a 17-and-a-half-year ban for breaching the anti-corruption code.

details ğŸ‘‡"
401,"a test debut to remember for will oâ€™rourke as new zealand press the advantage in hamilton ğŸ‘€

#wtc25 | #nzvsa"
954,"a five-for from darcie brown has put australia on top in perth ğŸ”¥

follow #ausvsa ğŸ“² https://bit.ly/3safzfk"
904,"australia have completely dominated south africa in the first session of the one-off womenâ€™s test ğŸ’ª

follow #ausvsa ğŸ“² https://bit.ly/3ok6rnh"
469,"ben stokes is set to become the 76th player in the world to have played 100 test matches and just the 16th for england ğŸ’¥

more on stokes' journey to the milestone ahead of #indveng ğŸ‘€

#wtc25"
814,"ravindra jadeja reinforces india's plans ahead of the third #indveng test ğŸ—£

more from #wtc25 ğŸ‘‰ https://bit.ly/4bosc3m"
412,"nadine de klerk is looking forward to south africa's historic women's test against australia ğŸ¤©

more ğŸ‘‰ https://bit.ly/4bont0m

#ausvsa"
750,"ahead of the one-off #ausvsa test match, get to know more about australia's ğŸ”¥ quick and 100% cricket superstar darcie brown ğŸ“½"
557,"ben stokes isn't too focused on the big personal milestone that's right around the corner ğŸ‘Š

#wtc25 | #indveng"
481,"ravindra jadeja is hopeful of stifling england's aggressive approach with the bat in rajkot ğŸ‘€

#wtc25 | #indveng"
704,"a scintillating start to his international career saw this west indies fast bowler claim the icc men's player of the month for january 2024.

details ğŸ‘‡"
295,"south africa all-rounder marizanne kapp continues to make giant strides on the latest icc women's odi player rankings ğŸ’¥

details ğŸ‘‡"
222,"there was a first time winner in january of the icc women's player of the month award ğŸ‘

details ğŸ‘‡"
759,"marizanne kapp leaps forward in the latest icc women's odi player rankings â­

more â¡ï¸ https://bit.ly/42buizw"
617,"mitchell santner will lead new zealand in the home t20is against australia ğŸ‘€

#nzvaus | squad details ğŸ‘‡"
339,"south africa amp up preparations for their first women's test match against australia ğŸ‘Š

#ausvsa"
300,a talented teenager has been named the icc womenâ€™s player of the month for january 2024 ğŸ…
404,"fight for the no. 1 odi bowler intensifies in the latest icc women's odi player rankings ğŸ”¥

read on ğŸ‘‡"
836,"set to lead his country in all three formats ğŸ‡§ğŸ‡©

more as najmul hossain shanto takes on captaincy reins ğŸ‘‡"
659,"top 10 lists ğŸ“

the best performers at the #u19worldcup ğŸ‘‡"
316,"remember these names ğŸ“„

the #u19worldcup 2024 team of the tournament is full of future stars â­"
409,"the future is bright in the australian pace ranks according to #u19worldcup winning captain hugh weibgen ğŸ™Œ

more ğŸ‘‡"
246,"exciting prospects in for australia with a #t20worldcup around the corner ğŸ‘€

more as the hosts look to claim a #ausvwi t20i series clean sweep ğŸ‘‡"
973,"what it means to replicate a great feat ğŸ†

#u19worldcup #cricket #cricketreels"
505,"with the series already in the bag, australia look to ring in changes for the final t20i against west indies ğŸ‘€"
603,"india replace injured middle-order batter with uncapped domestic star for third #indveng test ğŸ‘€

#wtc25"
504,"heroes of the #u19worldcup 2024 ğŸŒŸ

tournament finalists dominate the team of the tournament ğŸ‰"
662,"destined for greatness â­

captain hugh weibgen has tipped big things for australia's #u19worldcup pace attack ğŸ”®"
996,"callum vidler takes us behind the scenes as australia celebrate their #u19worldcup triumph ğŸ’¥

#cricket #cricketreels"
391,"moments to cherish forever for australia's future stars â­

more as they claimed the #u19worldcup trophy ğŸ†"
849,"the fans in benoni having a lekker time during the #u19worldcup final ğŸ‘

#indvaus #cricket"
459,"a day in the life of an icc digital insider ft. @crystalarnoldofficial ğŸ¤©

#u19worldcup #indvaus #cricket"
473,"australia have set india a record target of 254 in the #u19worldcup 2024 final ğŸ‘Œ

#indvaus"
848,"glenn maxwell joins rohit sharma at the top ğŸ’¯

#ausvwi"
296,"ğŸš¨ just in: england have been hit with a big injury blow in the test series against india.

#wtc25 | #indveng"
917,"a late flurry in the nets for australia ahead of the #u19worldcup final ğŸ†

#icc #cricket #cricketreels"
412,"tight tussles on the #u19worldcup journey only strengthen australia according to skipper hugh weibgen ğŸ—£

more ğŸ‘‰ https://bit.ly/497ura1"
299,"icymi india have named their squad for the final three #indveng test matches against england ğŸ

more from #wtc25 ğŸ‘‡"
885,"a wonderful #u19worldcup journey for hugh weibgen, but one more chapter to be written ğŸ“

#icc #cricket #cricketreels"
550,"india on the front foot ahead of the #u19worldcup final ğŸ

#icc #cricket #cricketreels"
630,"australia's preparation ahead of their #u19worldcup final battle with india ğŸ

#icc #cricket #cricketreels"
357,"comeback complete for sophie molineux ğŸ‘

more from australia's test squad to take on south africa ğŸ‘‡

#ausvsa"
754,"australia announce their squad for the historic first test against south africa ğŸ”¥

#ausvsa | ğŸ”—: https://bit.ly/48fmhgq"
436,"one award. eight contenders ğŸ”¥

vote now for your @aramco #u19worldcup player of the tournament ğŸ—³ï¸"
658,"the stage is set for yet another #indvaus battle in an icc event ğŸ¤©

read about the leading trends and matchups ahead of the #u19worldcup final ğŸ‘Š"
465,"icymi: australia have named a 14-member squad for the two-match test series against new zealand, beginning 29 february.

#wtc25 | details ğŸ‘‡"
504,"ready for their historic test against south africa ğŸ

australia name their squad for perth ğŸ“

#ausvsa"
288,"a journey to remember for hugh weibgen's group ğŸ›£

australia's campaign ahead of their #u19worldcup final meeting with india ğŸ‘‡"
233,"south africa's squad for their inaugural women's test match against australia has been named ğŸ‘€

more on the group to feature in perth ğŸ“"
358,"the #wtc23 champions take on #wtc21 winners ğŸ†

australia put forward their group for new zealand ğŸ“

more ğŸ‘‡

#nzvaus | #wtc25"
715,"8âƒ£ incredible performers, 1âƒ£ award ğŸ…

the shortlist for #u19worldcup 2024 player of the tournament is out ğŸ‘€"
954,"australia skipper hugh weibgen is looking forward to the challenge of facing india in the final ğŸ’ª

more ğŸ‘‰ https://bit.ly/3oyzuu4

#u19worldcup"
511,"south africa announce squad for their first-ever women's test against australia ğŸ‘Œ

#ausvsa"
631,"icymi, the shortlist for the icc men's player of the month award for january 2024 is out ğŸ…

vote for your favourite now ğŸ‘‡"
720,the #cricket4good initiative has created some amazing memories for kids during the #u19worldcup ğŸ«¶
359,"""we'll love that challenge, we'll love that fight."" ğŸ’¬

skipper hugh weibgen says australia is looking forward forward to the india challenge in the #u19worldcup final â¬‡ï¸"
836,"recapping one of the best semi-finals in #u19worldcup history ğŸ”¥

#cricket #cricketreels"
323,"ğŸš¨ just in: australia name test squad for their #wtc25 series against new zealand.

details â¬‡ï¸"
341,"an absolute thriller! ğŸ¤¯

how australia managed to secure a one-wicket win in the 50th over of the #u19worldcup semi-final against pakistan â¬‡ï¸"
604,"new zealand will be without daryl mitchell for the second test against south africa ğŸ‘€

#wtc25 | #nzvsa"
698,"australia won a nerve-wracking thriller in benoni to reach the #u19worldcup 2024 final ğŸ‡

details ğŸ‘‡

#ausvpak"
1000,"â€˜ğ˜›ğ˜©ğ˜¦ ğ˜”ğ˜°ğ˜¯ğ˜´ğ˜µğ˜¦ğ˜³ ğ˜›ğ˜³ğ˜¶ğ˜¤ğ˜¬â€™ straker ğŸ’¥

#u19worldcup #cricket #cricketreels"
414,"scotland are gearing up for icc men's cricket world cup league 2 action against uae and canada ğŸ‘Š

squad news ğŸ‘‡"
777,"sri lanka's former captain has been left out of the odi squad for the upcoming series against afghanistan ğŸ‘€

more ğŸ‘‡"
846,"new zealand will be without the services of daryl mitchell for the second test against south africa.

â¡ https://bit.ly/4byqjwl

#wtc25 | #nzvsa"
460,"the significance of south africa's first-ever women's odi victory over australia is not lost on all-rounder marizanne kapp ğŸ—£

more from #ausvsa ğŸ‘‰ https://bit.ly/42wfja6"
882,"two strong teams with fiery bowling attacks ğŸ”¥

australia coach anthony clark insists his side are ready for pakistan in their #u19worldcup semi-final showdown ğŸ"
759,"australian captain hugh weibgen has stepped up for the team in green and gold ğŸ‘Š

highlights of the skipper in #u19worldcup action ğŸ¥"
605,"australian captain hugh weibgen has stepped up for the team in green and gold ğŸ‘Š

highlights of the skipper in #u19worldcup action ğŸ¥"
249,"new zealand move to the top ğŸ”¥

latest changes on the #wtc25 standings following the first #nzvsa test â¬‡ï¸"
608,"ğŸš¨ new zealand's star batter is set to miss the second south africa test and t20i series against australia.

details â¬‡ï¸"
610,"australia gear up for their crucial #u19worldcup semi-final clash against pakistan ğŸ‘Š

#cricket #cricketreels"
475,marizanne kapp set the tone for south africa's maiden victory over australia in women's odis  ğŸ‘
476,"""there a different satisfaction in winning such a closely contested game.â€

uday saharan and sachin dhas on their stunning partnership that helped india make it to the #u19worldcup 2024 final ğŸ‘‡"
606,"a new team top of the #wtc25 standings ğŸ”

more as new zealand claim the first #nzvsa test ğŸ“"
931,"together on a quest for the #u19worldcup trophy ğŸ†

shahzaib khan has led pakistan with the bat, but insists it is the team's unity that has inspired their unbeaten run ğŸ‘‡"
302,"""if anyone ever tells me to slow down, i am not listening to them."" ğŸ‡¦ğŸ‡º

australia quick callum vidler is keen to emulate the likes of mitchell johnson and ryan harris and unleash his pace on pakistan in the semi-final at the #u19worldcup ğŸ”¥"
457,"on the road to another #u19worldcup final ğŸ›£

more from india's thrilling semi-final win over south africa ğŸ‘‡"
601,"uday saharan and sachin dhas starred in a gripping semi-final win for india ğŸ‘Œ

details ğŸ‘‡

#u19worldcup #indvsa"
535,"who is your icc womenâ€™s player of the month for january 2024?

vote now and have your say ğŸ—³ï¸ https://bit.ly/496tyty"
908,"the â€˜unofficialâ€™ 12th men setting the vibe ğŸº ğŸ¥

#u19worldcup #cricket #cricketreels"
747,"india need 245 for their fifth straight #u19worldcup final appearance ğŸ‘Š

#indvsa"
305,"australiaâ€™s in-form batter is closing in on the top spot in the icc women's odi player rankings ğŸ‘€

details ğŸ‘‡"
411,"â€œmy aspect of coaching is i enjoy seeing young men growing the game.""

former south africa international paul adams is doing his best to help the proteas to success at a home #u19worldcup ğŸ‡¿ğŸ‡¦"
844,"fine-tuning for #u19worldcup semi-final âš™ï¸

#cricket #cricketreels"
600,"ğŸ‡®ğŸ‡³ ğŸ‡¿ğŸ‡¦ ğŸ‡¦ğŸ‡º ğŸ‡µğŸ‡°

all you need to know ahead of the highly anticipated #u19worldcup semi-finals â¬‡"
448,"india have surged up the #wtc25 table with victory in the second #indveng test ğŸ‘€

more â¬‡"
443,"building in their #t20worldcup preparation ğŸ‘€

australia name their t20i squad to travel to new zealand ğŸ‘‡

#nzvaus"
305,"a new west indies star goes up against josh hazlewood and ollie pope for january's icc men's player of the month ğŸ…

vote now ğŸ‘‡"
387,"ğŸ—£ ""i won't be satisfied until we win the world cup.""

#u19worldcup leading run-scorer musheer khan is chasing title glory over personal achievements ğŸ†"
234,"two australians are challenged by an ireland young gun for january icc women's player of the month honours ğŸ‘€

vote now ğŸ‘‡"
522,kwena maphaka has a message for the indian batters ahead of the 2024 #u19worldcup semi-final clash ğŸ‘€
629,"""that's a top quality shot"" ğŸ™

watch some of the indusind bank fantastic fours from an action-packed week of the #u19worldcup 2024 ğŸ“½"
951,"rahul dravid reacts to india's win in vizag in the second #indveng test ğŸ‘€

#wtc25"
396,"ğŸ‡¦ğŸ‡º â˜˜ï¸ ğŸ‡¦ğŸ‡º

three top performers from january 2024 are vying for the icc women's player of the month."
774,"ğŸ”¸ windies' latest sensation
ğŸ”¸ england's saviour against india
ğŸ”¸ australia's ace pacer

the shortlist for the icc men's player of the month for january 2024 is out ğŸ‘€"
382,"ahead of a crucial day for england with the bat, an update on joe root's injured finger ğŸ‘‡

#indveng | #wtc25"
300,"time to remember these names (if you haven't already!) ğŸ“

five top performers at the #u19worldcup so far ğŸ‘‡"
893,"good luck standing in kwena maphaka's way ğŸ‘Š

#u19worldcup #cricket #cricketreels"
446,"joe root went off the field due to a finger injury on day 3 of the second test against india.

#wtc25 | #indveng | details ğŸ‘‡"
444,"new names up in lights â­ï¸
 
five players helping their teams in the push for #u19worldcup glory ğŸ†"
865,"only one active player has more test centuries than kane williamson after his ton against south africa ğŸ‘

#wtc25 | #nzvsa"
717,"kian hiltonâ€™s 72 in irelandâ€™s solid win earned him the aramco potm ğŸ‘

watch his highlights ğŸ“½ï¸

#u19worldcup"
790,"kian hilton's 72 helped ireland to their first-ever win over new zealand!

he wins the aramco #potm ğŸ‘

#u19worldcup #nzvire"
490,"tazeem ali seven-for helps england end their #u19worldcup 2024 campaign on a positive note ğŸ´ó §ó ¢ó ¥ó ®ó §ó ¿

match highlights ğŸ“½ï¸"
496,"tazeem ali seven-for helps england end their #u19worldcup 2024 campaign on a positive note ğŸ´ó §ó ¢ó ¥ó ®ó §ó ¿

match highlights ğŸ“½ï¸"
582,"tazeem ali accounted for the last seven zimbabwe batters in an emphatic england win ğŸ‘€

he's the aramco #potm.

#u19worldcup #engvzim"
930,"robbie foulkes grabs a stunning catch off his own bowling ğŸ”¥

#u19worldcup #cricket #cricketreels"
908,"robbie foulkes holds onto a quick return catch as ireland lose their third wicket ğŸ‘

#u19worldcup"
860,"oscar jackson nips one back in to send jordan neillâ€™s leg stump cartwheeling ğŸ¤¸

#u19worldcup"
788,"getting the job done ğŸ’ª ğŸ‡¿ğŸ‡¦

#u19worldcup #cricket #cricketreels"
499,"century makers for australia in consecutive matches at the #u19worldcup ğŸ’¥

#cricket #cricketreels"
440,"india, australia and south africa all booked their places in the #u19worldcup semi-finals, but one spot still remains open ğŸ‘€

more â¬‡"
503,"an exceptional innings from sam konstas as australia prime for the #u19worldcup semi-finals ğŸ’¯

innings highlights ğŸ“º https://bit.ly/3w8nuh4"
949,"an epic #u19worldcup trilogy ğŸ’¯

#cricket #cricketreels"
339,"a star unfolding right before our eyes ğŸ¤©

#u19worldcup #cricket #cricketreels"
616,"three semi-final spots sealed as history was made on the penultimate day of the super six phase âœ…

raunak kapoor brings you the latest from the #u19worldcup ğŸ™ï¸

#cricket #cricketreels"
514,"three semi-final spots confirmed after todayâ€™s round of #u19worldcup super six matches ğŸ‘€

#indvnep #wivaus #savsl"
296,england will miss a few regulars for the first half of the new zealand tour ğŸ‘€
633,"inclement weather forced an exciting #wivaus clash to be abandoned ğŸ‘€

#u19worldcup: https://bit.ly/49gnkvk"
782,"hugh weibgen's boys are through to the #u19worldcup 2024 semi-finals ğŸ¤©

#wivaus"
486,"a flawless six-wicket haul helps kwena maphaka to his third aramco #potm of the #u19worldcup 2024 ğŸ‰

#savsl"
826,"lhuan-dre pretorius ğŸ¤ quinton de kock 

#u19worldcup #cricket #cricketreels"
416,"sam konstas brings up a mature century to lift australiaâ€™s innings ğŸ‘

#u19worldcup"
661,"a quick double-strike from malsha tharupathi âš¡

#cricket #cricketreels #u19worldcup"
503,"sam konstas' fighting hundred leads australia in kimberley ğŸ‘Š

#u19worldcup #wivaus"
432,"malsha tharupathi picks up wickets in back-to-back overs to dent south africa further ğŸ’¥

#u19worldcup"
671,"â€œdispatched disdainfully!â€

sam konstas pulls one over square leg for a powerful maximum ğŸ’ª

#u19worldcup"
542,"sam konstas deposits the short ball over the rope ğŸ™Œ

#u19worldcup #cricket #cricketreels"
431,"supun waduge in the thick of action as south africa lose two in two ğŸ‘Š

#u19worldcup #cricket #cricketreels"
693,"india can clinch their place in the #u19worldcup semi-finals with a victory over nepal today ğŸ™Œ

check out who is in the box seat to qualify for the knockout stages in south africa ğŸ‘‡"
615,"future star mahli beardman has dennis lillee in his coaching corner ğŸ‘‘ğŸ‘€

#u19worldcup #cricket #cricketreels"
388,"the race for #u19worldcup semi-final spots continues ğŸ‘€

super six scenarios in south africa ğŸ‘‡"
246,"a 21-year gap in age between england's two inclusions for the second #indveng test ğŸ˜²

more ahead of #wtc25 action in visakhapatnam ğŸ“"
782,"a candid rishabh pant sheds light on the car accident that almost took his life, and his road to recovery ğŸ—£

more ğŸ‘‰ https://bit.ly/47yuh8w"
448,"set to be out of this world ğŸŒ

ticket sales for the icc menâ€™s #t20worldcup 2024 are open ğŸŸ

how to book your tickets ğŸ‘‡"
618,"the very early signs of a star in the making ğŸ˜‰

#u19worldcup #cricket #cricketreels"
689,"shamar joseph has been rewarded for his incredible performance against australia at the gabba ğŸ‘

details ğŸ‘‡"
790,"bahadar esakhiel hit a fiery 54-ball 76*, including four fours and six sixes ğŸ’ª

watch his aramco potm highlights ğŸ“½ï¸

#u19worldcup"
225,"scotland sign off with a thrilling win over namibia ğŸ¤©

details ğŸ‘‡

#u19worldcup #scovnam"
281,"it went down to the last over and the final ball as scotland kept their nerve to secure a thrilling three-run win over namibia ğŸ˜±

match highlights ğŸ“½ï¸

#u19worldcup"
589,"a icc menâ€™s #t20worldcup that will be out of this world ğŸŒ

how to enter the ticket ballot? ğŸ—³ï¸

watch to find out ğŸ‘€"
719,"bahadar esakhiel is the aramco #potm for his fiery 76* ğŸ‘Š

#u19worldcup #scovnam"
460,"battling back from a near-fatal accident, rishabh pant gets candid about his journey to recovery.

read on ğŸ‘‡"
567,"who will make it to the semi-finals of the #u19worldcup 2024? ğŸ¤”

have a look at all the permutations ğŸ‘‡"
806,"bahadar esakhiel swats the short ball for a maximum ğŸ‘Š

#u19worldcup #cricket #cricketreels"
797,"jamie dunk falls after a fantastic fifty ğŸ‘€

#u19worldcup #cricket #cricketreels"
298,"it is going to be a tough contest for sure""- kane williamson on the upcoming south africa tour ğŸ—£

#wtc25 #nzvsa"
454,"a fighting half-century for jamie dunk.

#u19worldcup #cricket #cricketreels"
938,"third fifty-plus score for jamie dunk in the #u19worldcup 2024 ğŸ‘

#u19worldcup"
460,"a debutant and a veteran named ğŸ‘€

england announce their xi for the second #indveng test!

#wtc25 | more â¬‡ï¸"
489,"â€˜short manâ€™ doing ğ—•ğ—œğ—š things ğŸ’ª

#u19worldcup #cricket #cricketreels"
777,"the muscle in south africa's #u19worldcup batting ğŸ’ª

#cricket #cricketreels"
344,namibia and scotland look to end their #u19worldcup campaign with a win in benoni ğŸ
617,"eight teams in contention for the semi-final spots ğŸ‘Š

how your team can make the final four of #u19worldcup 2024 â¬‡ï¸"
940,"michael bevan ğŸ†š glenn maxwell

the #u19worldcup stars reveal their favourite. who'd you pick? ğŸ‘€

ğŸ“½ï¸ credits: @cricketaustralia"
494,"ğŸš¨ big blow for england ahead of the second #indveng test.

details ğŸ‘‡"
649,"captain hugh weibgen led from the front helping australia to a comfortable win against england ğŸ™Œ

more â¡ï¸ https://bit.ly/3onh72l"
323,"the secret weapon of namibia's #u19worldcup team ğŸ¦†

#cricket #cricketreels"
183,"three dominant wins and a low-scoring thriller ğŸ™Œ

all you need to know from day 2 of the super six stage of #u19worldcup â¬‡ï¸"
425,"melinda farrell and andrew leonard recap an action-packed day 2 of the super six stage at the #u19worldcup ğŸ†

#cricket #cricketreels"
732,"important wins for australia, bangladesh and south africa in the super six phase of the #u19worldcup ğŸ‘Š"
539,"australia captain hugh weibgen led from the front with a magnificent 120, winning the aramco potm ğŸ‘

relive the innings ğŸ“½ï¸

#u19worldcup"
835,"match highlights | aus v eng | icc u19 menâ€™s cwc 2024

australia roll over england, securing a massive 110-run win by dls method in kimberley ğŸ”¥

match highlights ğŸ“½ï¸

#u19worldcup"
670,"hugh weibgen's classy 120 helps him win the aramco #potm ğŸ‘Œ

#u19worldcup #ausveng"
480,"a low-scoring thriller unfolded in benoni to give afghanistan their first win of the #u19worldcup 2024 ğŸ«£

match highlights ğŸ“½ï¸"
620,"when ian bishop showers praise, you know kwena maphaka is truly special ğŸ˜

#u19worldcup #cricket #cricketreels"
466,"a special chant from mooirivier primary school kids for alumnus and hometown hero, lhuan-dre pretorius â™¥ï¸

#u19worldcup #cricket #cricketreels"
705,"callum vidler is hit for a superb six but has his revenge on the very next ball to send back ben mckinney!

#u19worldcup"
765,"fantastic response from callum vidler after being hit for a six ğŸ‘

#u19worldcup #cricket #cricketreels"
810,"kwena maphaka wins his second aramco potm of #u19worldcup 2024 on the back of a sensational spell ğŸ‡

#zimvsa"
625,"steve stolk is picking up right where he left off ğŸ’¥

#u19worldcup #cricket #cricketreels"
732,"a captainâ€™s knock from hugh weibgen ğŸ«¡

#u19worldcup #cricket #cricketreels"
619,"tazeem ali has ryan hicksâ€™ middle stump flat on the ground ğŸ‘Š

#u19worldcup #cricket #cricketreels"
901,"an inside edge off ryan hicksâ€™ bat knocks off his middle stump as australia lose another â˜ï¸

#u19worldcup"
579,"five-star performance from kwena maphaka ğŸ¤©

#u19worldcup #cricket #cricketreels"
617,"lightning-fast reflexes and a brilliant grab from jack carney behind the stumps!

#u19worldcup #cricket #cricketreels"
521,"experienced names boost sri lanka ranks for the upcoming home test against afghanistan ğŸ‘Œ

details ğŸ‘‡

#slvafg"
377,"big movers on the latest icc men's test player rankings following an epic first #wtc25 contest between india and england ğŸ˜¯

details ğŸ‘‡"
585,"callum vidler has a bright future ahead of him ğŸŒŸ

#cricket #cricketreels #u19worldcup"
932,"from an icc hall of famer to the women's t20i cricketer of the year ğŸ¤

lisa sthalekar has led the applause of hayley matthews in the latest 100% cricket podcast ğŸ—£

listen ğŸ§ https://bit.ly/3sdbfes"
569,usa #u19worldcup players discuss the lessons and experiences they'll carry from the tournament having played against some of the best teams in the world.
430,"how nervous were the west indies #u19worldcup players during their exciting run chase against sri lanka? ğŸ¥µ

tarrique edward brings you the answers ğŸ™ï¸"
256,"ğŸ“ˆ pakistan and west indies secure crucial points
ğŸ”¥ india register a 214-run win against new zealand

everything you need to know from day 1 of the super six stage of #u19worldcup 2024 â¬‡ï¸"
602,"day 1 of the #u19worldcup super six stage in 90 seconds with samuel badree âŒšğŸ”¥

#cricket #cricketreels"
453,"india, pakistan and west indies started the super six phase of the 2024 #u19worldcup with wins ğŸ‘Š"
685,"presenting the new rendition of head, shoulders, knees and toes from australia ğŸ˜

#u19worldcup #cricket #cricketreels"
494,"another impressive performance by west indies as they defeat sri lanka by three wickets in a thrilling final-over win ğŸ™Œ

match highlights ğŸ“½ï¸

#u19worldcup"
884,"steve wedderburn's 61 anchored the west indies chase against sri lanka ğŸ‘Œ

he wins the aramco #potm.

#u19worldcup #slvwi"
341,"south africa openers steve stolk and lhuan-dre pretorius have lit up the #u19worldcup 2024 with their aggressive and classy batting display ğŸŒŸ

watch their story ğŸ“½ï¸"
946,"another dominating performance by india as they secure their fourth straight win in the #u19worldcup 2024, defeating new zealand by 214 runs ğŸ‘

match highlights ğŸ“½ï¸"
893,"soothing symphony of willow ft. zimbabwe ğŸ

#u19worldcup #cricket #cricketreels"
831,"precision and power â€“ steve wedderburn shows off his range ğŸ‘

#u19worldcup #cricket #cricketreels"
782,"world cup memories donâ€™t get much better than this ğŸ‘€

 #u19worldcup #cricket #cricketreels #t20worldcup"
387,"a new no.1 ranked batter in the world as star australia opener reclaims the premier position on the latest women's t20i player rankings ğŸ™Œ

details ğŸ‘‡"
376,"oscar jackson's ultimate cricketer would be a joy to watch ğŸ¤©

#u19worldcup #cricket #cricketreels"
983,"a final word of advice from anrich nortje ahead of the #u19worldcup super six stage ğŸ—£

more ğŸ‘‰ https://bit.ly/48uewck"
286,"down 1-0 in a crucial #wtc25 series and now without two key players ğŸ‘€

more as india shuffle their squad ahead of the second #indveng test ğŸ‘‡"
771,"east london, you were amazing ğŸ‘

thanks for putting on a show at the #u19worldcup ğŸ™"
610,"out in the nets with isai thorne ğŸ

#u19worldcup #cricket #cricketreels"
590,anrich nortje provides his outlook on the 2024 #u19worldcup ahead of the super six stage of the tournament ğŸ‘Š
783,"two potential debutants in indiaâ€™s revised squad for the second test against england ğŸ‘€

#wtc25 | #indveng"
303,"the code of conduct breach occurred during the fourth day of #indveng first test in hyderabad ğŸ‘€

details ğŸ‘‡"
725,"on top in back-to-back years ğŸ†ğŸ†

nasser hussain has led the plaudits of nat sciver-brunt in the latest 100% cricket podcast ğŸ§

more ğŸ‘‰ https://bit.ly/4bcosxj"
263,"looking ahead to the super six stage ğŸ‘€

more as teams continue on their path to #u19worldcup glory ğŸ‘‡"
970,"india and australia showed their class with dominant wins on sunday in the 2024 #u19worldcup ğŸ‘Œ

#cricket #cricketreels"
396,"rahul dravid pinpointed the difference between the two teams after india's rare loss at home in the first #indveng test in hyderabad ğŸ‘€

#wtc25"
390,"india, australia registered statement wins to end the group stage of the 2024 #u19worldcup on a high ğŸ‘Š"
735,"ryan hicksâ€™ measured 77* earned him the aramco potm against sri lanka ğŸ‘Œ

relive his knock ğŸ“½ï¸

#u19worldcup"
548,"a comfortable victory for australia as they defeat sri lanka by six wickets and finish at the top of group c ğŸ‘

match highlights ğŸ“½ï¸

#u19worldcup"
435,"another dominating performance by india as they finish at the top in group a with a 201-run victory over usa ğŸ’ª

match highlights ğŸ“½ï¸

#u19worldcup"
621,"super six fixtures ğŸ”’

1âƒ£2âƒ£ teams will battle it out in the next stage of the #u19worldcup 2024!"
813,"a sturdy 77* from ryan hicks helped australia win in kimberley ğŸ‘Œ

he's the aramco #potm.

#u19worldcup #ausvsl"
294,"ğŸ”¸arshin kulkarni's century guides india to a strong total versus usa ğŸ‘Š
ğŸ”¸australia bowlers dominate in kimberley ğŸ‘Œ

#u19worldcup #indvusa #ausvsl"
866,"mahli beardman has the leg stump flat on the ground ğŸ’¥

#u19worldcup #cricket #cricketreels"
408,"back-to-back icc women's cricketer of the year awards is just the start ğŸ…âœ¨

in the latest 100% cricket podcast, nasser hussain and lisa sthalekar delve into nat sciver-brunt's successes and future potential ğŸ§"
471,"alexander volschenk's ultimate cricketer is certainly imposing ğŸ‘Š

#u19worldcup #cricket #cricketreels"
360,"history ğŸ“š

south africa claim their first win against australia in a women's t20i as they prime for a #t20worldcup later in the year ğŸ‘

more from #ausvsa ğŸ‘‡"
665,"pressing on in their campaign with family by their side ğŸ‘Š

zimbabwe's future stars and the loved ones of the minor chevrons discuss the #u19worldcup dream ğŸ†"
420,"the opening #wtc25 test between india and england is up for grabs heading into the fourth day and both camps are still confident of victory ğŸ¤”

more from #indveng â¬‡ï¸"
786,"the final day of the #u19worldcup group stage!

australia and sri lanka battle for top spot in group c as usa challenge india in group a ğŸ‘€

details on where to watch ğŸ“º https://bit.ly/3spgzzn"
461,"a former international himself, sri lanka coach jehan mubarak is helping blueprint the future of his country's future stars ğŸ’«"
691,"a batting masterclass by south africa ğŸ”¥

fans, family and players reveled in a phenomenal display in potchefstroom as the hosts topped group b.

#u19worldcup"
545,"ğŸ‡µğŸ‡° a dominant 10-wicket win for pakistan
ğŸ¤¯ steve stolk smashes 34 runs in an over
ğŸŒŸ zimbabwe qualify for the super six stage

everything you need to know from day 9 of #u19worldcup 2024 â¬‡ï¸"
625,"ollie pope's special innings has put the hyderabad test in the balance on day three ğŸ˜¯

#wtc25 #indveng"
724,"newman nyamhuriâ€™s fantastic spell of 4/21 earned him the aramco potm against namibia ğŸ‘Œ

watch the highlights ğŸ“½ï¸

#u19worldcup"
846,"ğŸ‡¿ğŸ‡¼ team support ğŸ’¯

coca-cola believing is magic ğŸ“¸ | #u19worldcup"
512,"â€œitâ€™s a cool way to finish a great year for netherlands.â€

bas de leede was ecstatic on winning the icc menâ€™s associate cricketer of the year award for 2023 ğŸ‘"
895,"newman nyamhuri continues to impress as he disturbs peter-daniel blignautâ€™s stumps!

#u19worldcup"
989,"no stopping newman nyamhuri ğŸ’¥

#u19worldcup #cricket #cricketreels"
536,"alex volschenkâ€™s six lands on the roof in kimberley ğŸ¤¯

#u19worldcup #cricket #cricketreels"
818,"tonked on the roof by alexander volschenk in kimberley ğŸ™Œ

#u19worldcup"
836,"lachlan stackpole takes the attack to pakistan ğŸ‘Š

#u19worldcup #cricket #cricketreels"
234,"nat sciver-brunt - a well-deserved winner of the rachael heyhoe flint trophy for icc womenâ€™s cricketer of the year ğŸ™Œ

#iccawards #cricket #cricketreels"
452,"namibia, scotland, and new zealand will bat first in their respective #u19worldcup encounters ğŸ

#zimvnam #savsco #pakvnz"
759,"icymi, here is every single winner of the icc awards for the year 2023 ğŸ…

full list â¬‡ï¸"
898,"it's a busy time for naeem ahmed, watching two sons represent their country in two different places ğŸğŸŒğŸ“±ğŸ´ó §ó ¢ó ¥ó ®ó §ó ¿

#u19worldcup #cricket #cricketreels"
955,"kane williamson is back ğŸ‡³ğŸ‡¿

the top-ranked test batter has been named in new zealand's squad against south africa â¬‡ï¸

#wtc25"
358,"new zealand #u19worldcup stars flex their skills. how many can you do? âš½ğŸ¤¹â€â™‚ï¸

#cricket #cricketreels"
965,"two boys from dominica getting it done for the west indies ğŸŒ´ğŸ‡©ğŸ‡²

stephan pascal and nathan edward show us what cricket is all about as they thank their travelling support at the #u19worldcup ğŸ—£ï¸"
246,"two boys from dominica getting it done for the west indies ğŸŒ´ğŸ‡©ğŸ‡²

stephan pascal and nathan edward show us what cricket is all about as they thank their travelling support at the #u19worldcup ğŸ—£ï¸"
847,"west indies beat england in a tense run-chase in potchefstroom ğŸ‘Š

match highlights ğŸ“¹

#u19worldcup"
741,"a sea of emotions captured in one frame ğŸ¤© 

coca-cola believing is magic ğŸ“¸ | #u19worldcup"
485,"eddie jack clears the rope twice in two balls ğŸ’ª

#u19worldcup #cricket #cricketreels"
271,"as ben mckinney intends to push on at the #u19worldcup, coach michael yardy looks into the england captainâ€™s future ğŸ"
938,"parth patel takes a good, low catch as bangladesh lose their first wicket â˜ï¸

#u19worldcup #cricket #cricketreels"
739,"nathan edward produces an absolute peach to get the windies going ğŸ‘

#u19worldcup #cricket #cricketreels"
584,"another rachael heyhoe flint award for the collection ğŸ†

nat sciver-brunt stood up for england in 2023 ğŸ‘

more â¡ https://bit.ly/47uynjs"
152,"as ben mckinney intends to push on at the #u19worldcup, coach michael yardy looks into the england captain's future ğŸ"
339,"luc benkenstein's ultimate cricketer would frighten anyone ğŸ”¥

#u19worldcup #cricket #cricketreels"
548,"new faces in a battle between old cricket foes england and the west indies âš”ï¸

#u19worldcup #cricket #cricketreels"
216,"as ben mckinney intends to push on at the #u19worldcup, coach michael yardy looks into the england captain's future ğŸ"
369,"a landmark day for cricket in the west indies as the caribbean side commits to achieving pay equity for their male and female players ğŸ™Œ

details ğŸ‘‡"
810,"the sights and sounds of usa's future stars ğŸ”Š

#u19worldcup #cricket #cricketreels"
234,"big names included as new zealand name #wtc25 squad to take on south africa ğŸ™Œ

more ahead of #nzvsa ğŸ‘‡"
480,"india were big winners against ireland in their clash at the 2024 #u19worldcup in bloemfontein ğŸŒŸ

hindi highlights ğŸ¥"
444,"a successful year for australia was capped off by a number of individual accolades in the 2023 #iccawards ğŸ™Œ

more ğŸ‘‡"
715,"england batter ben duckett admitted that his team was surprised by india's positive batting on day one of the hyderabad test ğŸ‘€

#indveng #wtc25"
813,"india and australia dominated on day seven of the 2024 #u19worldcup âœ¨

abhinav mukund wraps up the action ğŸ¥

#cricket #cricketreels"
419,"â€œkeeping that consistency is something that i wanted to do over the last few years.""

nat sciver-brunt talks about winning the rachael heyhoe flint award for the icc women's cricketer of the year for the second successive year ğŸ‘"
462,"statement wins for india and australia in the #u19worldcup 2024 ğŸ”¥

check all the details from today's games ğŸ‘‡

#indvire #ausvzim"
595,"australia have dominated zimbabwe to register a massive 225-run win, their second in the #u19worldcup 2024 ğŸ’ª

match highlights ğŸ“½ï¸"
577,"for his 89 off 108 balls, studded with 10 fours and 2 sixes, harry dixon was named the aramco potm ğŸ

relive his knock ğŸ“½ï¸

#u19worldcup"
348,"two in a row ğŸ‘

nat sciver-brunt wins the rachael heyhoe flint award for the icc women's cricketer of the year for the second successive year âœŒï¸

#cricket #cricketreels #iccawards"
978,"harry dixon is the aramco #potm for his match-winning 89 ğŸ‘Œ

#u19worldcup #zimvaus"
502,a terrific boost for australia cricketers in the latest icc menâ€™s test player rankings ğŸ“ˆ
992,"a strong aussie contingent ğŸ‡¦ğŸ‡º

coca-cola believing is magic ğŸ“¸ | #u19worldcup"
876,"australian bowlers are tearing through zimbabweâ€™s top-order ğŸ”¥

#u19worldcup #cricket #cricketreels #ausvzim"
766,"a terrific year that ended with winning the icc menâ€™s cricket world cup 2023 ğŸ†

the australia bowler and captain has claimed the sir garfield sobers trophy for icc menâ€™s cricketer of the year ğŸ™Œ"
842,"ğŸ”¥ 1210 runs in 13 matches ğŸ”¥

the australia openerâ€™s fantastic 2023 has helped him win the icc menâ€™s test cricketer of the year award ğŸ…"
367,"two years in a row ğŸ‘

england's superstar all-rounder takes home the rachael heyhoe flint award for icc women's cricketer of the year 2023 ğŸ…"
669,"brandon sunguro outfoxes sam konstas with spin ğŸ’«

#u19worldcup #cricket #cricketreels #ausvzim"
259,"injury has forced south africa into making a change to their #u19worldcup squad.

details ğŸ‘‡"
634,"captain of the icc womenâ€™s odi and t20i teams of the year adds another feather to her cap ğŸ‰

the sri lanka batter has been named the icc womenâ€™s odi cricketer of the year for 2023 ğŸ‘"
699,"india, australia will be batting first in their respective #u19worldcup 2024 clashes today ğŸ

#indvire #zimvaus"
450,"there's an aussie feel to hugh weibgen's ultimate batter ğŸ‡¦ğŸ‡º

#u19worldcup #cricket #cricketreels"
466,"modelling his action on a south africa star, ireland's reuben wilson has earned the respect of his teammates at the #u19worldcup ğŸ‘"
486,"it's a double-header on thursday at the #u19worldcup ğŸ†

who are you cheering for?"
269,"icymi, england have named three spinners in their playing xi for the first #indvend test.

full team â¬‡ï¸

#wtc25"
639,"queentor abel has been crowned the icc women's associate cricketer of the year 2023, making her the first kenyan to win the award ğŸ‡°ğŸ‡ªğŸ…

more â¡ï¸ https://bit.ly/499iyvl"
625,"""my job is to bowl fast and if anyone ever tells me to slow down, don't listen to them."" ğŸ’¬

australia pacer callum vidler is quick, competitive and is eager to win the #u19worldcup ğŸ‘Š"
662,"three entertaining low-scoring contests lit up the  #u19worldcup on wednesday ğŸ¤©

round-up from day 6 ğŸ‘‡"
560,"the stars are shining bright on phoebe litchfield â­

the aussie dynamo claims the icc womenâ€™s emerging cricketer of the year for 2023 ğŸ‘

#cricket #cricketreels #iccawards"
776,"jewel andrewâ€™s 64*, studded with eight fours, headlined west indiesâ€™ chase against scotland.

catch his aramco potm highlights ğŸ“½ï¸

#u19worldcup"
468,"after keeping scotland to a modest total, west indies chase down the target under 36 overs with five wickets to spare.

match highlights ğŸ“½ï¸

#u19worldcup"
688,"jewel andrew's attacking fifty helped west indies out of trouble against scotland ğŸ‘Œ

he's the aramco #potm ğŸ‰

#u19worldcup #wivsco"
923,no.1 t20i all-rounder and now icc women's t20i cricketer of the year ğŸ‘2023 was the year of hayley matthews ğŸŒŸ#cricket #cricketreels #iccawards
380,"â€œto be able to be blessed with this award is very special to me.â€

west indies captain hayley matthews won the icc womenâ€™s t20i cricketer of the year award for a fantastic 2023 â­"
301,netherlands have named a former scotland international as the new head coach of the women's team ğŸ‘€
439,"â€œmy mum, she is my number one for sureâ€ â€“ isai thorne

â€œmy parents have been my biggest support systemâ€ â€“ jordan johnson

family is everything for these two special west indies players â¤ï¸

#u19worldcup"
576,"family is everything for west indiesâ€™ isai thorne and jordan johnson â¤ï¸

#u19worldcup"
463,"'absolutely sublime' ğŸ™

the indusind bank fantastic fours from the first days of action at the 2024 #u19worldcup âš¡"
453,some stunning catches in the emirates fly better moments from the first few days of the 2024 #u19worldcup ğŸ”¥
233,"a proud queentor abel shares her goals and aspirations after becoming the first kenyan player to win the icc women's associate cricketer of the year award for 2023 âœ¨

#iccawards"
647,"rohit sharma comments on india's selection headache for first test of #wtc25 series against england ğŸ‘€

#indveng"
280,"all the winners of the #iccawards 2023 announced so far ğŸ‘€

did your favourite player make it?"
665,"magic with the ball, gun with the bat â€“ bas de leede proved unstoppable on his way to icc menâ€™s associate cricketer of the year 2023 ğŸ…

#cricket #cricketreels #iccawards"
509,"â€œitâ€™s a cool way to finish a great year for netherlands.""

bas de leede was ecstatic on winning the icc menâ€™s associate cricketer of the year award for 2023 ğŸ‘"
327,"just 20 years old and making waves in international cricket ğŸ™Œ

australia's top-order powerhouse takes home the icc women's emerging cricketer of the year 2023 ğŸ…"
822,kwena maphaka stole the show in the first week of the #u19worldcup 2024 ğŸ˜ dp world brings to you smart perspectives from samuel badree ğŸ’¬#cricket #cricketreels
679,"the sensation who took #cwc23 by storm ğŸ”¥

new zealand's up-and-coming star clinches the icc men's emerging cricketer of the year 2023 ğŸ‘"
595,"england name a spin-heavy xi for the first #indveng test in hyderabad.

#wtc25"
229,"the second west indies player to win the honour ğŸ™Œ

the experienced all-rounder has won the  icc womenâ€™s t20i cricketer of the year award ğŸ‰"
296,"australia have named a replacement for one of their key players at the #u19worldcup 2024 ğŸ‘€

more ğŸ‘‡"
244,"first kenyan woman to win the award ğŸ…

a talented all-rounder who dominated in african cricket has claimed the icc women's associate cricketer of the year for 2023 ğŸ‘"
420,"electric with both bat and ball ğŸŒŸ

the dutch all-rounder has capped a successful 2023 by winning the icc men's associate cricketer of the year ğŸ…"
513,"""(kl) rahul won't be playing as a wicket-keeper in the series."" ğŸ’¬

india coach rahul dravid talks about the team setup ahead of the england series â¬‡ï¸

#wtc25"
407,"five players from australia's #wtc23 winning side feature in 2023's icc test team of the year.

full team â¬‡ï¸"
606,"the icc men's odi team of the year 2023 features eight players from india and australia.

full team â¬‡ï¸"
233,"rudie van vuuren is excited by his country's future prospects at the #u19worldcup, including son zacheo ğŸ‘€

#icc #cricket #cricketreels"
993,"ğŸš¨ david warner and josh hazlewood return as australia name t20i squad for the series against west indies.

details â¬‡ï¸"
876,"new zealand #u19worldcup revelation matt rowe on emulating shane bond and a famous cousin ğŸ”¥

#icc #cricket #cricketreels"
296,"with another successful year for their team, five australians have earned a place in the icc women's odi team of the year for 2023 ğŸŒŸ

full team â¬‡ï¸"
947,"three crucial #u19worldcup fixtures take centrestage on wednesday ğŸ

details on where to catch the action â¡ï¸ https://bit.ly/3spgzzn"
199,players from ireland and zimbabwe have reached new career highs on the women's odi player rankings following the opening two matches of their series in harare ğŸ‘
368,bangladesh's maruf mridha has been fined for breaching level 1 of the icc code of conduct during the #u19worldcup clash against india â¬‡ï¸
204,"ğŸ”¹ england maintain winning momentum
ğŸ”¹ afghanistan and new zealand play out a low-scoring thriller

all you need to know from day 5 of the #u19worldcup â¬‡ï¸"
514,"day five of the #u19worldcup in 90 seconds with lydia greenway ğŸ

#icc #cricket #cricketreels"
320,"ğŸ”¸england overcame south africa's fight to win in potchefstroom.
ğŸ”¸afghanistan almost pulled off a memorable upset over new zealand.

details ğŸ‘‡

#u19worldcup #saveng #nzvafg"
539,"a disciplined spell of 3/28 by eddie jack earned him the aramco potm against south africa.

watch the highlights ğŸ“½ï¸

#u19worldcup"
578,"in a rain-interrupted encounter, england registered a 36-run victory over south africa by dls method.

match highlights ğŸ“½ï¸

#u19worldcup"
678,"the incident occurred during bangladeshâ€™s match against india at the #u19worldcup 2024.

more ğŸ‘‡"
715,"eddie jack is the aramco #potm for his economical three-wicket haul in the #saveng clash in potchefstroom ğŸ‘Œ

#u19worldcup"
311,"the #u19worldcup 2024 saw a heart-stopping thriller that could've swung either way till the very last moment ğŸ”¥

#nzvafg"
479,a run out at the non-striker's end added drama to new zealand's thrilling one-wicket win over afghanistan at the #u19worldcup ğŸ˜¯
745,"matt rowe starred with a five-wicket haul in the first innings, before displaying nerves of steel with the bat to seal a tense victory for new zealand ğŸ‘Š

he's the aramco #potm ğŸ‰

#u19worldcup #nzvafg"
506,"afghanistan fight back in style and have new zealand six down in east london ğŸ‘€

#u19worldcup #nzvafg"
361,"rahul dravid has pencilled in on two options for the wicketkeeper slot in the #wtc25 series against england ğŸ‘€

#indveng"
935,"backing the blackcaps ğŸ‡³ğŸ‡¿

coca-cola believing is magic ğŸ“¸ | #u19worldcup"
710,"inspired by the legends, kwena maphaka is certainly learning from the best ğŸŒŸ

#u19worldcup #cricket #cricketreels"
857,"an absolute peach from eddie jack ğŸ”¥

#u19worldcup #cricket #cricketreels #saveng"
477,"the men's test team of the year for 2023 consists of a host of classy performers headed by australia's courageous skipper ğŸ’¥

find out who made the cut ğŸ‘‡"
318,"a host of players from the all-conquering australia side dominate the icc women's odi team of the year for 2023 ğŸ’ª

check out the final xi here ğŸ‘‡"
863,"eight players that featured in the #cwc23 final have made the cut for the icc men's odi team of the year in 2023 âœ¨

details ğŸ‘‡"
302,"some of the best women's cricketers of the east asia-pacific region turned out for the 2024 pacific cup ğŸ

more as papua new guinea prevailed in the six-team tournament ğŸ‘‡"
611,"it was glory for papua new guinea in the hard-fought pacific cup in new zealand ğŸ‘

#cricket #cricketreels"
997,it's easy for new zealand's #u19worldcup class of 2024 to be inspired by rachin ravindra ğŸ™Œ
601,"breakout stars and household names ğŸ“

presenting the icc men's t20i team of the year for 2023 ğŸ™Œ"
661,"which #u19worldcup stars will you be keeping an eye on today?ğŸ”­ğŸ¤©

details on how you can watch the action ğŸ“² https://bit.ly/3sdaazb"
366,"jasprit bumrah feels england's attacking nature with the bat will lead to opportunities with the ball for india in their upcoming test series ğŸ—£

#indveng | #wtc25"
677,"icymi virat kohli will miss the first two test matches against england ğŸ‘‡

#indveng | #wtc25"
249,"standing up at the #t20worldcup and entering the womenâ€™s t20i team of the year ğŸ‘Š

more on the xi named for 2023 ğŸ‘‡"
565,"ğŸ‡§ğŸ‡© bangladesh open their account
ğŸ‡¦ğŸ‡º australia defeat resilient namibia

day four's action at the #u19worldcup all in one place â¬‡"
646,"ğŸ”¸  bangladesh's batting comes good in bloemfontein ğŸ¤©
ğŸ”¸  pacers' day out in kimberley ğŸ”¥

get all the details on today's #u19worldcup action ğŸ‘‡

#banvire #ausvnam"
820,"a bowling masterclass by both teams but australia come out on top despite namibiaâ€™s fightback ğŸ™Œ

match highlights ğŸ“½ï¸

#u19worldcup"
791,"australia are up and running in the #u19worldcup 2024 with a win ğŸ‘

#cricket #cricketreels #ausvnam"
615,"a fiery display with the ball makes callum vidler the aramco #potm ğŸ‰

#u19worldcup #ausvnam"
272,"ğŸ”¸  kian hilton 90 helps ireland out of peril ğŸ‘Œ
ğŸ”¸  australia pacers run through namibia ğŸ‘Š

catch all the details here ğŸ‘‡

#u19worldcup #banvire #ausvnam"
735,"alexander volschenk is waging a lone battle against australia ğŸ‘Š

#u19worldcup #cricket #cricketreels #ausvnam"
